{"cameraMode":{"drawMode":0,"name":"Shaded","section":"Shading Mode"},"sceneLighting":false,"audioPlay":false,"sceneViewState":{"m_AlwaysRefresh":false,"showFog":true,"showSkybox":false,"showFlares":true,"showImageEffects":true,"showParticleSystems":true,"showVisualEffectGraphs":true,"m_FxEnabled":true},"in2DMode":false,"pivot":{"x":14.549694061279297,"y":1.9745084047317505,"z":-1.1920928955078126e-7},"rotation":{"x":0.19416703283786775,"y":0.38646209239959719,"z":-0.08358444273471832,"w":0.8977546095848084},"size":3.6018052101135256,"orthographic":false}